dataset_id,source_id,sector,municipality_code,county_code,period,metric,value,unit,last_updated
capacity_workforce,ssb_kostra_001,sykehus,0301,03,2026,ansatte_legger_og_sykepleiere,12240,personer,2026-06-01
capacity_workforce,ssb_kostra_001,fastlege,0301,03,2026,ansatte_legger_og_sykepleiere,3100,personer,2026-06-01
capacity_workforce,ssb_kostra_001,sykehjem,0301,03,2026,ansatte_legger_og_sykepleiere,2900,personer,2026-06-01
service_volume,fhi_kpr_001,kommunal_omsorg,0301,03,2026,mottar_tjeneste_per_dag,61200,personer,2026-06-05
capacity_workforce,ssb_kostra_001,sykehus,1103,11,2026,ansatte_legger_og_sykepleiere,4200,personer,2026-06-01
capacity_workforce,ssb_kostra_001,fastlege,1103,11,2026,ansatte_legger_og_sykepleiere,1520,personer,2026-06-01
capacity_workforce,ssb_kostra_001,sykehjem,1103,11,2026,ansatte_legger_og_sykepleiere,1480,personer,2026-06-01
service_volume,fhi_kpr_001,kommunal_omsorg,1103,11,2026,mottar_tjeneste_per_dag,19400,personer,2026-06-05
capacity_workforce,ssb_kostra_001,sykehus,1108,11,2026,ansatte_legger_og_sykepleiere,1100,personer,2026-06-01
capacity_workforce,ssb_kostra_001,fastlege,1108,11,2026,ansatte_legger_og_sykepleiere,920,personer,2026-06-01
capacity_workforce,ssb_kostra_001,sykehjem,1108,11,2026,ansatte_legger_og_sykepleiere,870,personer,2026-06-01
service_volume,fhi_kpr_001,kommunal_omsorg,1108,11,2026,mottar_tjeneste_per_dag,12600,personer,2026-06-05
capacity_workforce,ssb_kostra_001,sykehus,1505,15,2026,ansatte_legger_og_sykepleiere,1320,personer,2026-06-01
capacity_workforce,ssb_kostra_001,fastlege,1505,15,2026,ansatte_legger_og_sykepleiere,640,personer,2026-06-01
capacity_workforce,ssb_kostra_001,sykehjem,1505,15,2026,ansatte_legger_og_sykepleiere,620,personer,2026-06-01
service_volume,fhi_kpr_001,kommunal_omsorg,1505,15,2026,mottar_tjeneste_per_dag,9600,personer,2026-06-05
capacity_workforce,ssb_kostra_001,sykehus,1508,15,2026,ansatte_legger_og_sykepleiere,2480,personer,2026-06-01
capacity_workforce,ssb_kostra_001,fastlege,1508,15,2026,ansatte_legger_og_sykepleiere,920,personer,2026-06-01
capacity_workforce,ssb_kostra_001,sykehjem,1508,15,2026,ansatte_legger_og_sykepleiere,870,personer,2026-06-01
service_volume,fhi_kpr_001,kommunal_omsorg,1508,15,2026,mottar_tjeneste_per_dag,15100,personer,2026-06-05
capacity_workforce,ssb_kostra_001,sykehus,1804,18,2026,ansatte_legger_og_sykepleiere,1950,personer,2026-06-01
capacity_workforce,ssb_kostra_001,fastlege,1804,18,2026,ansatte_legger_og_sykepleiere,790,personer,2026-06-01
capacity_workforce,ssb_kostra_001,sykehjem,1804,18,2026,ansatte_legger_og_sykepleiere,740,personer,2026-06-01
service_volume,fhi_kpr_001,kommunal_omsorg,1804,18,2026,mottar_tjeneste_per_dag,11800,personer,2026-06-05
capacity_workforce,ssb_kostra_001,sykehus,3103,31,2026,ansatte_legger_og_sykepleiere,980,personer,2026-06-01
capacity_workforce,ssb_kostra_001,fastlege,3103,31,2026,ansatte_legger_og_sykepleiere,670,personer,2026-06-01
capacity_workforce,ssb_kostra_001,sykehjem,3103,31,2026,ansatte_legger_og_sykepleiere,640,personer,2026-06-01
service_volume,fhi_kpr_001,kommunal_omsorg,3103,31,2026,mottar_tjeneste_per_dag,9900,personer,2026-06-05
capacity_workforce,ssb_kostra_001,sykehus,3107,31,2026,ansatte_legger_og_sykepleiere,1420,personer,2026-06-01
capacity_workforce,ssb_kostra_001,fastlege,3107,31,2026,ansatte_legger_og_sykepleiere,820,personer,2026-06-01
capacity_workforce,ssb_kostra_001,sykehjem,3107,31,2026,ansatte_legger_og_sykepleiere,790,personer,2026-06-01
service_volume,fhi_kpr_001,kommunal_omsorg,3107,31,2026,mottar_tjeneste_per_dag,12900,personer,2026-06-05
capacity_workforce,ssb_kostra_001,sykehus,3201,32,2026,ansatte_legger_og_sykepleiere,1500,personer,2026-06-01
capacity_workforce,ssb_kostra_001,fastlege,3201,32,2026,ansatte_legger_og_sykepleiere,980,personer,2026-06-01
capacity_workforce,ssb_kostra_001,sykehjem,3201,32,2026,ansatte_legger_og_sykepleiere,940,personer,2026-06-01
service_volume,fhi_kpr_001,kommunal_omsorg,3201,32,2026,mottar_tjeneste_per_dag,14100,personer,2026-06-05
capacity_workforce,ssb_kostra_001,sykehus,3205,32,2026,ansatte_legger_og_sykepleiere,1450,personer,2026-06-01
capacity_workforce,ssb_kostra_001,fastlege,3205,32,2026,ansatte_legger_og_sykepleiere,920,personer,2026-06-01
capacity_workforce,ssb_kostra_001,sykehjem,3205,32,2026,ansatte_legger_og_sykepleiere,910,personer,2026-06-01
service_volume,fhi_kpr_001,kommunal_omsorg,3205,32,2026,mottar_tjeneste_per_dag,13800,personer,2026-06-05
capacity_workforce,ssb_kostra_001,sykehus,3301,33,2026,ansatte_legger_og_sykepleiere,1720,personer,2026-06-01
capacity_workforce,ssb_kostra_001,fastlege,3301,33,2026,ansatte_legger_og_sykepleiere,990,personer,2026-06-01
capacity_workforce,ssb_kostra_001,sykehjem,3301,33,2026,ansatte_legger_og_sykepleiere,970,personer,2026-06-01
service_volume,fhi_kpr_001,kommunal_omsorg,3301,33,2026,mottar_tjeneste_per_dag,15100,personer,2026-06-05
capacity_workforce,ssb_kostra_001,sykehus,3905,39,2026,ansatte_legger_og_sykepleiere,1680,personer,2026-06-01
capacity_workforce,ssb_kostra_001,fastlege,3905,39,2026,ansatte_legger_og_sykepleiere,810,personer,2026-06-01
capacity_workforce,ssb_kostra_001,sykehjem,3905,39,2026,ansatte_legger_og_sykepleiere,760,personer,2026-06-01
service_volume,fhi_kpr_001,kommunal_omsorg,3905,39,2026,mottar_tjeneste_per_dag,12100,personer,2026-06-05
capacity_workforce,ssb_kostra_001,sykehus,4003,40,2026,ansatte_legger_og_sykepleiere,1380,personer,2026-06-01
capacity_workforce,ssb_kostra_001,fastlege,4003,40,2026,ansatte_legger_og_sykepleiere,760,personer,2026-06-01
capacity_workforce,ssb_kostra_001,sykehjem,4003,40,2026,ansatte_legger_og_sykepleiere,730,personer,2026-06-01
service_volume,fhi_kpr_001,kommunal_omsorg,4003,40,2026,mottar_tjeneste_per_dag,11200,personer,2026-06-05
capacity_workforce,ssb_kostra_001,sykehus,4204,42,2026,ansatte_legger_og_sykepleiere,1890,personer,2026-06-01
capacity_workforce,ssb_kostra_001,fastlege,4204,42,2026,ansatte_legger_og_sykepleiere,1020,personer,2026-06-01
capacity_workforce,ssb_kostra_001,sykehjem,4204,42,2026,ansatte_legger_og_sykepleiere,980,personer,2026-06-01
service_volume,fhi_kpr_001,kommunal_omsorg,4204,42,2026,mottar_tjeneste_per_dag,16200,personer,2026-06-05
capacity_workforce,ssb_kostra_001,sykehus,4601,46,2026,ansatte_legger_og_sykepleiere,6400,personer,2026-06-01
capacity_workforce,ssb_kostra_001,fastlege,4601,46,2026,ansatte_legger_og_sykepleiere,1850,personer,2026-06-01
capacity_workforce,ssb_kostra_001,sykehjem,4601,46,2026,ansatte_legger_og_sykepleiere,1600,personer,2026-06-01
service_volume,fhi_kpr_001,kommunal_omsorg,4601,46,2026,mottar_tjeneste_per_dag,29400,personer,2026-06-05
capacity_workforce,ssb_kostra_001,sykehus,4626,46,2026,ansatte_legger_og_sykepleiere,800,personer,2026-06-01
capacity_workforce,ssb_kostra_001,fastlege,4626,46,2026,ansatte_legger_og_sykepleiere,640,personer,2026-06-01
capacity_workforce,ssb_kostra_001,sykehjem,4626,46,2026,ansatte_legger_og_sykepleiere,590,personer,2026-06-01
service_volume,fhi_kpr_001,kommunal_omsorg,4626,46,2026,mottar_tjeneste_per_dag,9800,personer,2026-06-05
capacity_workforce,ssb_kostra_001,sykehus,4627,46,2026,ansatte_legger_og_sykepleiere,620,personer,2026-06-01
capacity_workforce,ssb_kostra_001,fastlege,4627,46,2026,ansatte_legger_og_sykepleiere,520,personer,2026-06-01
capacity_workforce,ssb_kostra_001,sykehjem,4627,46,2026,ansatte_legger_og_sykepleiere,500,personer,2026-06-01
service_volume,fhi_kpr_001,kommunal_omsorg,4627,46,2026,mottar_tjeneste_per_dag,7600,personer,2026-06-05
capacity_workforce,ssb_kostra_001,sykehus,5001,50,2026,ansatte_legger_og_sykepleiere,4300,personer,2026-06-01
capacity_workforce,ssb_kostra_001,fastlege,5001,50,2026,ansatte_legger_og_sykepleiere,1560,personer,2026-06-01
capacity_workforce,ssb_kostra_001,sykehjem,5001,50,2026,ansatte_legger_og_sykepleiere,1560,personer,2026-06-01
service_volume,fhi_kpr_001,kommunal_omsorg,5001,50,2026,mottar_tjeneste_per_dag,18600,personer,2026-06-05
capacity_workforce,ssb_kostra_001,sykehus,5035,50,2026,ansatte_legger_og_sykepleiere,780,personer,2026-06-01
capacity_workforce,ssb_kostra_001,fastlege,5035,50,2026,ansatte_legger_og_sykepleiere,510,personer,2026-06-01
capacity_workforce,ssb_kostra_001,sykehjem,5035,50,2026,ansatte_legger_og_sykepleiere,470,personer,2026-06-01
service_volume,fhi_kpr_001,kommunal_omsorg,5035,50,2026,mottar_tjeneste_per_dag,6900,personer,2026-06-05
capacity_workforce,ssb_kostra_001,sykehus,5501,55,2026,ansatte_legger_og_sykepleiere,2050,personer,2026-06-01
capacity_workforce,ssb_kostra_001,fastlege,5501,55,2026,ansatte_legger_og_sykepleiere,870,personer,2026-06-01
capacity_workforce,ssb_kostra_001,sykehjem,5501,55,2026,ansatte_legger_og_sykepleiere,810,personer,2026-06-01
service_volume,fhi_kpr_001,kommunal_omsorg,5501,55,2026,mottar_tjeneste_per_dag,13200,personer,2026-06-05
capacity_workforce,ssb_kostra_001,sykehus,1149,11,2026,ansatte_legger_og_sykepleiere,1650,personer,2026-06-01
capacity_workforce,ssb_kostra_001,fastlege,1149,11,2026,ansatte_legger_og_sykepleiere,780,personer,2026-06-01
capacity_workforce,ssb_kostra_001,sykehjem,1149,11,2026,ansatte_legger_og_sykepleiere,720,personer,2026-06-01
service_volume,fhi_kpr_001,kommunal_omsorg,1149,11,2026,mottar_tjeneste_per_dag,11500,personer,2026-06-05
capacity_workforce,ssb_kostra_001,sykehus,1504,15,2026,ansatte_legger_og_sykepleiere,1850,personer,2026-06-01
capacity_workforce,ssb_kostra_001,fastlege,1504,15,2026,ansatte_legger_og_sykepleiere,820,personer,2026-06-01
capacity_workforce,ssb_kostra_001,sykehjem,1504,15,2026,ansatte_legger_og_sykepleiere,770,personer,2026-06-01
service_volume,fhi_kpr_001,kommunal_omsorg,1504,15,2026,mottar_tjeneste_per_dag,13200,personer,2026-06-05
capacity_workforce,ssb_kostra_001,sykehus,1816,18,2026,ansatte_legger_og_sykepleiere,1580,personer,2026-06-01
capacity_workforce,ssb_kostra_001,fastlege,1816,18,2026,ansatte_legger_og_sykepleiere,710,personer,2026-06-01
capacity_workforce,ssb_kostra_001,sykehjem,1816,18,2026,ansatte_legger_og_sykepleiere,670,personer,2026-06-01
service_volume,fhi_kpr_001,kommunal_omsorg,1816,18,2026,mottar_tjeneste_per_dag,10800,personer,2026-06-05
capacity_workforce,ssb_kostra_001,sykehus,2025,20,2026,ansatte_legger_og_sykepleiere,1420,personer,2026-06-01
capacity_workforce,ssb_kostra_001,fastlege,2025,20,2026,ansatte_legger_og_sykepleiere,810,personer,2026-06-01
capacity_workforce,ssb_kostra_001,sykehjem,2025,20,2026,ansatte_legger_og_sykepleiere,780,personer,2026-06-01
service_volume,fhi_kpr_001,kommunal_omsorg,2025,20,2026,mottar_tjeneste_per_dag,12400,personer,2026-06-05
capacity_workforce,ssb_kostra_001,sykehus,2027,20,2026,ansatte_legger_og_sykepleiere,1320,personer,2026-06-01
capacity_workforce,ssb_kostra_001,fastlege,2027,20,2026,ansatte_legger_og_sykepleiere,750,personer,2026-06-01
capacity_workforce,ssb_kostra_001,sykehjem,2027,20,2026,ansatte_legger_og_sykepleiere,700,personer,2026-06-01
service_volume,fhi_kpr_001,kommunal_omsorg,2027,20,2026,mottar_tjeneste_per_dag,11200,personer,2026-06-05
capacity_workforce,ssb_kostra_001,sykehus,2028,20,2026,ansatte_legger_og_sykepleiere,1100,personer,2026-06-01
capacity_workforce,ssb_kostra_001,fastlege,2028,20,2026,ansatte_legger_og_sykepleiere,680,personer,2026-06-01
capacity_workforce,ssb_kostra_001,sykehjem,2028,20,2026,ansatte_legger_og_sykepleiere,620,personer,2026-06-01
service_volume,fhi_kpr_001,kommunal_omsorg,2028,20,2026,mottar_tjeneste_per_dag,9800,personer,2026-06-05
capacity_workforce,ssb_kostra_001,sykehus,3603,36,2026,ansatte_legger_og_sykepleiere,890,personer,2026-06-01
capacity_workforce,ssb_kostra_001,fastlege,3603,36,2026,ansatte_legger_og_sykepleiere,620,personer,2026-06-01
capacity_workforce,ssb_kostra_001,sykehjem,3603,36,2026,ansatte_legger_og_sykepleiere,580,personer,2026-06-01
service_volume,fhi_kpr_001,kommunal_omsorg,3603,36,2026,mottar_tjeneste_per_dag,8900,personer,2026-06-05
capacity_workforce,ssb_kostra_001,sykehus,3706,31,2026,ansatte_legger_og_sykepleiere,1210,personer,2026-06-01
capacity_workforce,ssb_kostra_001,fastlege,3706,31,2026,ansatte_legger_og_sykepleiere,750,personer,2026-06-01
capacity_workforce,ssb_kostra_001,sykehjem,3706,31,2026,ansatte_legger_og_sykepleiere,710,personer,2026-06-01
service_volume,fhi_kpr_001,kommunal_omsorg,3706,31,2026,mottar_tjeneste_per_dag,10600,personer,2026-06-05
capacity_workforce,ssb_kostra_001,sykehus,4009,40,2026,ansatte_legger_og_sykepleiere,1050,personer,2026-06-01
capacity_workforce,ssb_kostra_001,fastlege,4009,40,2026,ansatte_legger_og_sykepleiere,690,personer,2026-06-01
capacity_workforce,ssb_kostra_001,sykehjem,4009,40,2026,ansatte_legger_og_sykepleiere,640,personer,2026-06-01
service_volume,fhi_kpr_001,kommunal_omsorg,4009,40,2026,mottar_tjeneste_per_dag,9500,personer,2026-06-05
capacity_workforce,ssb_kostra_001,sykehus,4201,42,2026,ansatte_legger_og_sykepleiere,1320,personer,2026-06-01
capacity_workforce,ssb_kostra_001,fastlege,4201,42,2026,ansatte_legger_og_sykepleiere,800,personer,2026-06-01
capacity_workforce,ssb_kostra_001,sykehjem,4201,42,2026,ansatte_legger_og_sykepleiere,750,personer,2026-06-01
service_volume,fhi_kpr_001,kommunal_omsorg,4201,42,2026,mottar_tjeneste_per_dag,11800,personer,2026-06-05
capacity_workforce,ssb_kostra_001,sykehus,4206,42,2026,ansatte_legger_og_sykepleiere,980,personer,2026-06-01
capacity_workforce,ssb_kostra_001,fastlege,4206,42,2026,ansatte_legger_og_sykepleiere,710,personer,2026-06-01
capacity_workforce,ssb_kostra_001,sykehjem,4206,42,2026,ansatte_legger_og_sykepleiere,670,personer,2026-06-01
service_volume,fhi_kpr_001,kommunal_omsorg,4206,42,2026,mottar_tjeneste_per_dag,8900,personer,2026-06-05
capacity_workforce,ssb_kostra_001,sykehus,5006,50,2026,ansatte_legger_og_sykepleiere,1150,personer,2026-06-01
capacity_workforce,ssb_kostra_001,fastlege,5006,50,2026,ansatte_legger_og_sykepleiere,720,personer,2026-06-01
capacity_workforce,ssb_kostra_001,sykehjem,5006,50,2026,ansatte_legger_og_sykepleiere,670,personer,2026-06-01
service_volume,fhi_kpr_001,kommunal_omsorg,5006,50,2026,mottar_tjeneste_per_dag,10200,personer,2026-06-05
capacity_workforce,ssb_kostra_001,sykehus,5007,50,2026,ansatte_legger_og_sykepleiere,1420,personer,2026-06-01
capacity_workforce,ssb_kostra_001,fastlege,5007,50,2026,ansatte_legger_og_sykepleiere,810,personer,2026-06-01
capacity_workforce,ssb_kostra_001,sykehjem,5007,50,2026,ansatte_legger_og_sykepleiere,760,personer,2026-06-01
service_volume,fhi_kpr_001,kommunal_omsorg,5007,50,2026,mottar_tjeneste_per_dag,12100,personer,2026-06-05
capacity_workforce,ssb_kostra_001,sykehus,5014,50,2026,ansatte_legger_og_sykepleiere,1250,personer,2026-06-01
capacity_workforce,ssb_kostra_001,fastlege,5014,50,2026,ansatte_legger_og_sykepleiere,750,personer,2026-06-01
capacity_workforce,ssb_kostra_001,sykehjem,5014,50,2026,ansatte_legger_og_sykepleiere,700,personer,2026-06-01
service_volume,fhi_kpr_001,kommunal_omsorg,5014,50,2026,mottar_tjeneste_per_dag,10800,personer,2026-06-05
capacity_workforce,ssb_kostra_001,sykehus,1226,12,2026,ansatte_legger_og_sykepleiere,1380,personer,2026-06-01
capacity_workforce,ssb_kostra_001,fastlege,1226,12,2026,ansatte_legger_og_sykepleiere,780,personer,2026-06-01
capacity_workforce,ssb_kostra_001,sykehjem,1226,12,2026,ansatte_legger_og_sykepleiere,730,personer,2026-06-01
service_volume,fhi_kpr_001,kommunal_omsorg,1226,12,2026,mottar_tjeneste_per_dag,11900,personer,2026-06-05
capacity_workforce,ssb_kostra_001,sykehus,0105,01,2026,ansatte_legger_og_sykepleiere,1150,personer,2026-06-01
capacity_workforce,ssb_kostra_001,fastlege,0105,01,2026,ansatte_legger_og_sykepleiere,710,personer,2026-06-01
capacity_workforce,ssb_kostra_001,sykehjem,0105,01,2026,ansatte_legger_og_sykepleiere,670,personer,2026-06-01
service_volume,fhi_kpr_001,kommunal_omsorg,0105,01,2026,mottar_tjeneste_per_dag,10200,personer,2026-06-05
capacity_workforce,ssb_kostra_001,sykehus,0106,01,2026,ansatte_legger_og_sykepleiere,980,personer,2026-06-01
capacity_workforce,ssb_kostra_001,fastlege,0106,01,2026,ansatte_legger_og_sykepleiere,650,personer,2026-06-01
capacity_workforce,ssb_kostra_001,sykehjem,0106,01,2026,ansatte_legger_og_sykepleiere,610,personer,2026-06-01
service_volume,fhi_kpr_001,kommunal_omsorg,0106,01,2026,mottar_tjeneste_per_dag,8900,personer,2026-06-05
capacity_workforce,ssb_kostra_001,sykehus,0209,02,2026,ansatte_legger_og_sykepleiere,1320,personer,2026-06-01
capacity_workforce,ssb_kostra_001,fastlege,0209,02,2026,ansatte_legger_og_sykepleiere,790,personer,2026-06-01
capacity_workforce,ssb_kostra_001,sykehjem,0209,02,2026,ansatte_legger_og_sykepleiere,740,personer,2026-06-01
service_volume,fhi_kpr_001,kommunal_omsorg,0209,02,2026,mottar_tjeneste_per_dag,11600,personer,2026-06-05
capacity_workforce,ssb_kostra_001,sykehus,0213,02,2026,ansatte_legger_og_sykepleiere,1050,personer,2026-06-01
capacity_workforce,ssb_kostra_001,fastlege,0213,02,2026,ansatte_legger_og_sykepleiere,680,personer,2026-06-01
capacity_workforce,ssb_kostra_001,sykehjem,0213,02,2026,ansatte_legger_og_sykepleiere,640,personer,2026-06-01
service_volume,fhi_kpr_001,kommunal_omsorg,0213,02,2026,mottar_tjeneste_per_dag,9300,personer,2026-06-05
capacity_workforce,ssb_kostra_001,sykehus,0604,06,2026,ansatte_legger_og_sykepleiere,1280,personer,2026-06-01
capacity_workforce,ssb_kostra_001,fastlege,0604,06,2026,ansatte_legger_og_sykepleiere,750,personer,2026-06-01
capacity_workforce,ssb_kostra_001,sykehjem,0604,06,2026,ansatte_legger_og_sykepleiere,710,personer,2026-06-01
service_volume,fhi_kpr_001,kommunal_omsorg,0604,06,2026,mottar_tjeneste_per_dag,11100,personer,2026-06-05
capacity_workforce,ssb_kostra_001,sykehus,0709,07,2026,ansatte_legger_og_sykepleiere,1480,personer,2026-06-01
capacity_workforce,ssb_kostra_001,fastlege,0709,07,2026,ansatte_legger_og_sykepleiere,820,personer,2026-06-01
capacity_workforce,ssb_kostra_001,sykehjem,0709,07,2026,ansatte_legger_og_sykepleiere,770,personer,2026-06-01
service_volume,fhi_kpr_001,kommunal_omsorg,0709,07,2026,mottar_tjeneste_per_dag,12800,personer,2026-06-05
capacity_workforce,ssb_kostra_001,sykehus,0710,07,2026,ansatte_legger_og_sykepleiere,1100,personer,2026-06-01
capacity_workforce,ssb_kostra_001,fastlege,0710,07,2026,ansatte_legger_og_sykepleiere,720,personer,2026-06-01
capacity_workforce,ssb_kostra_001,sykehjem,0710,07,2026,ansatte_legger_og_sykepleiere,670,personer,2026-06-01
service_volume,fhi_kpr_001,kommunal_omsorg,0710,07,2026,mottar_tjeneste_per_dag,9800,personer,2026-06-05
capacity_workforce,ssb_kostra_001,sykehus,0807,08,2026,ansatte_legger_og_sykepleiere,1200,personer,2026-06-01
capacity_workforce,ssb_kostra_001,fastlege,0807,08,2026,ansatte_legger_og_sykepleiere,740,personer,2026-06-01
capacity_workforce,ssb_kostra_001,sykehjem,0807,08,2026,ansatte_legger_og_sykepleiere,700,personer,2026-06-01
service_volume,fhi_kpr_001,kommunal_omsorg,0807,08,2026,mottar_tjeneste_per_dag,10400,personer,2026-06-05
capacity_workforce,ssb_kostra_001,sykehus,0809,08,2026,ansatte_legger_og_sykepleiere,950,personer,2026-06-01
capacity_workforce,ssb_kostra_001,fastlege,0809,08,2026,ansatte_legger_og_sykepleiere,660,personer,2026-06-01
capacity_workforce,ssb_kostra_001,sykehjem,0809,08,2026,ansatte_legger_og_sykepleiere,620,personer,2026-06-01
service_volume,fhi_kpr_001,kommunal_omsorg,0809,08,2026,mottar_tjeneste_per_dag,8700,personer,2026-06-05
capacity_workforce,ssb_kostra_001,sykehus,1235,12,2026,ansatte_legger_og_sykepleiere,1050,personer,2026-06-01
capacity_workforce,ssb_kostra_001,fastlege,1235,12,2026,ansatte_legger_og_sykepleiere,680,personer,2026-06-01
capacity_workforce,ssb_kostra_001,sykehjem,1235,12,2026,ansatte_legger_og_sykepleiere,640,personer,2026-06-01
service_volume,fhi_kpr_001,kommunal_omsorg,1235,12,2026,mottar_tjeneste_per_dag,9300,personer,2026-06-05
capacity_workforce,ssb_kostra_001,sykehus,1246,12,2026,ansatte_legger_og_sykepleiere,890,personer,2026-06-01
capacity_workforce,ssb_kostra_001,fastlege,1246,12,2026,ansatte_legger_og_sykepleiere,620,personer,2026-06-01
capacity_workforce,ssb_kostra_001,sykehjem,1246,12,2026,ansatte_legger_og_sykepleiere,580,personer,2026-06-01
service_volume,fhi_kpr_001,kommunal_omsorg,1246,12,2026,mottar_tjeneste_per_dag,8200,personer,2026-06-05
capacity_workforce,ssb_kostra_001,sykehus,1401,14,2026,ansatte_legger_og_sykepleiere,1180,personer,2026-06-01
capacity_workforce,ssb_kostra_001,fastlege,1401,14,2026,ansatte_legger_og_sykepleiere,750,personer,2026-06-01
capacity_workforce,ssb_kostra_001,sykehjem,1401,14,2026,ansatte_legger_og_sykepleiere,700,personer,2026-06-01
service_volume,fhi_kpr_001,kommunal_omsorg,1401,14,2026,mottar_tjeneste_per_dag,10300,personer,2026-06-05
capacity_workforce,ssb_kostra_001,sykehus,1411,14,2026,ansatte_legger_og_sykepleiere,1050,personer,2026-06-01
capacity_workforce,ssb_kostra_001,fastlege,1411,14,2026,ansatte_legger_og_sykepleiere,680,personer,2026-06-01
capacity_workforce,ssb_kostra_001,sykehjem,1411,14,2026,ansatte_legger_og_sykepleiere,640,personer,2026-06-01
service_volume,fhi_kpr_001,kommunal_omsorg,1411,14,2026,mottar_tjeneste_per_dag,9200,personer,2026-06-05
capacity_workforce,ssb_kostra_001,sykehus,1412,14,2026,ansatte_legger_og_sykepleiere,980,personer,2026-06-01
capacity_workforce,ssb_kostra_001,fastlege,1412,14,2026,ansatte_legger_og_sykepleiere,640,personer,2026-06-01
capacity_workforce,ssb_kostra_001,sykehjem,1412,14,2026,ansatte_legger_og_sykepleiere,600,personer,2026-06-01
service_volume,fhi_kpr_001,kommunal_omsorg,1412,14,2026,mottar_tjeneste_per_dag,8600,personer,2026-06-05
capacity_workforce,ssb_kostra_001,sykehus,1821,18,2026,ansatte_legger_og_sykepleiere,1350,personer,2026-06-01
capacity_workforce,ssb_kostra_001,fastlege,1821,18,2026,ansatte_legger_og_sykepleiere,800,personer,2026-06-01
capacity_workforce,ssb_kostra_001,sykehjem,1821,18,2026,ansatte_legger_og_sykepleiere,750,personer,2026-06-01
service_volume,fhi_kpr_001,kommunal_omsorg,1821,18,2026,mottar_tjeneste_per_dag,11700,personer,2026-06-05
capacity_workforce,ssb_kostra_001,sykehus,1826,18,2026,ansatte_legger_og_sykepleiere,1100,personer,2026-06-01
capacity_workforce,ssb_kostra_001,fastlege,1826,18,2026,ansatte_legger_og_sykepleiere,720,personer,2026-06-01
capacity_workforce,ssb_kostra_001,sykehjem,1826,18,2026,ansatte_legger_og_sykepleiere,670,personer,2026-06-01
service_volume,fhi_kpr_001,kommunal_omsorg,1826,18,2026,mottar_tjeneste_per_dag,9700,personer,2026-06-05
capacity_workforce,ssb_kostra_001,sykehus,1903,19,2026,ansatte_legger_og_sykepleiere,1420,personer,2026-06-01
capacity_workforce,ssb_kostra_001,fastlege,1903,19,2026,ansatte_legger_og_sykepleiere,810,personer,2026-06-01
capacity_workforce,ssb_kostra_001,sykehjem,1903,19,2026,ansatte_legger_og_sykepleiere,760,personer,2026-06-01
service_volume,fhi_kpr_001,kommunal_omsorg,1903,19,2026,mottar_tjeneste_per_dag,12200,personer,2026-06-05
capacity_workforce,ssb_kostra_001,sykehus,2004,20,2026,ansatte_legger_og_sykepleiere,1050,personer,2026-06-01
capacity_workforce,ssb_kostra_001,fastlege,2004,20,2026,ansatte_legger_og_sykepleiere,680,personer,2026-06-01
capacity_workforce,ssb_kostra_001,sykehjem,2004,20,2026,ansatte_legger_og_sykepleiere,640,personer,2026-06-01
service_volume,fhi_kpr_001,kommunal_omsorg,2004,20,2026,mottar_tjeneste_per_dag,9200,personer,2026-06-05
capacity_workforce,ssb_kostra_001,sykehus,0301,03,2025,ansatte_legger_og_sykepleiere,11995,personer,2026-06-01
capacity_workforce,ssb_kostra_001,fastlege,0301,03,2025,ansatte_legger_og_sykepleiere,3038,personer,2026-06-01
capacity_workforce,ssb_kostra_001,sykehjem,0301,03,2025,ansatte_legger_og_sykepleiere,2842,personer,2026-06-01
service_volume,fhi_kpr_001,kommunal_omsorg,0301,03,2025,mottar_tjeneste_per_dag,59976,personer,2026-06-05
capacity_workforce,ssb_kostra_001,sykehus,1103,11,2025,ansatte_legger_og_sykepleiere,4116,personer,2026-06-01
capacity_workforce,ssb_kostra_001,fastlege,1103,11,2025,ansatte_legger_og_sykepleiere,1490,personer,2026-06-01
capacity_workforce,ssb_kostra_001,sykehjem,1103,11,2025,ansatte_legger_og_sykepleiere,1450,personer,2026-06-01
service_volume,fhi_kpr_001,kommunal_omsorg,1103,11,2025,mottar_tjeneste_per_dag,19012,personer,2026-06-05
capacity_workforce,ssb_kostra_001,sykehus,1108,11,2025,ansatte_legger_og_sykepleiere,1078,personer,2026-06-01
capacity_workforce,ssb_kostra_001,fastlege,1108,11,2025,ansatte_legger_og_sykepleiere,902,personer,2026-06-01
capacity_workforce,ssb_kostra_001,sykehjem,1108,11,2025,ansatte_legger_og_sykepleiere,853,personer,2026-06-01
service_volume,fhi_kpr_001,kommunal_omsorg,1108,11,2025,mottar_tjeneste_per_dag,12348,personer,2026-06-05
capacity_workforce,ssb_kostra_001,sykehus,1505,15,2025,ansatte_legger_og_sykepleiere,1294,personer,2026-06-01
capacity_workforce,ssb_kostra_001,fastlege,1505,15,2025,ansatte_legger_og_sykepleiere,627,personer,2026-06-01
capacity_workforce,ssb_kostra_001,sykehjem,1505,15,2025,ansatte_legger_og_sykepleiere,608,personer,2026-06-01
service_volume,fhi_kpr_001,kommunal_omsorg,1505,15,2025,mottar_tjeneste_per_dag,9408,personer,2026-06-05
capacity_workforce,ssb_kostra_001,sykehus,1508,15,2025,ansatte_legger_og_sykepleiere,2430,personer,2026-06-01
capacity_workforce,ssb_kostra_001,fastlege,1508,15,2025,ansatte_legger_og_sykepleiere,902,personer,2026-06-01
capacity_workforce,ssb_kostra_001,sykehjem,1508,15,2025,ansatte_legger_og_sykepleiere,853,personer,2026-06-01
service_volume,fhi_kpr_001,kommunal_omsorg,1508,15,2025,mottar_tjeneste_per_dag,14798,personer,2026-06-05
capacity_workforce,ssb_kostra_001,sykehus,1804,18,2025,ansatte_legger_og_sykepleiere,1911,personer,2026-06-01
capacity_workforce,ssb_kostra_001,fastlege,1804,18,2025,ansatte_legger_og_sykepleiere,774,personer,2026-06-01
capacity_workforce,ssb_kostra_001,sykehjem,1804,18,2025,ansatte_legger_og_sykepleiere,725,personer,2026-06-01
service_volume,fhi_kpr_001,kommunal_omsorg,1804,18,2025,mottar_tjeneste_per_dag,11564,personer,2026-06-05
capacity_workforce,ssb_kostra_001,sykehus,3103,31,2025,ansatte_legger_og_sykepleiere,960,personer,2026-06-01
capacity_workforce,ssb_kostra_001,fastlege,3103,31,2025,ansatte_legger_og_sykepleiere,657,personer,2026-06-01
capacity_workforce,ssb_kostra_001,sykehjem,3103,31,2025,ansatte_legger_og_sykepleiere,627,personer,2026-06-01
service_volume,fhi_kpr_001,kommunal_omsorg,3103,31,2025,mottar_tjeneste_per_dag,9702,personer,2026-06-05
capacity_workforce,ssb_kostra_001,sykehus,3107,31,2025,ansatte_legger_og_sykepleiere,1392,personer,2026-06-01
capacity_workforce,ssb_kostra_001,fastlege,3107,31,2025,ansatte_legger_og_sykepleiere,804,personer,2026-06-01
capacity_workforce,ssb_kostra_001,sykehjem,3107,31,2025,ansatte_legger_og_sykepleiere,774,personer,2026-06-01
service_volume,fhi_kpr_001,kommunal_omsorg,3107,31,2025,mottar_tjeneste_per_dag,12642,personer,2026-06-05
capacity_workforce,ssb_kostra_001,sykehus,3201,32,2025,ansatte_legger_og_sykepleiere,1470,personer,2026-06-01
capacity_workforce,ssb_kostra_001,fastlege,3201,32,2025,ansatte_legger_og_sykepleiere,960,personer,2026-06-01
capacity_workforce,ssb_kostra_001,sykehjem,3201,32,2025,ansatte_legger_og_sykepleiere,921,personer,2026-06-01
service_volume,fhi_kpr_001,kommunal_omsorg,3201,32,2025,mottar_tjeneste_per_dag,13818,personer,2026-06-05
capacity_workforce,ssb_kostra_001,sykehus,3205,32,2025,ansatte_legger_og_sykepleiere,1421,personer,2026-06-01
capacity_workforce,ssb_kostra_001,fastlege,3205,32,2025,ansatte_legger_og_sykepleiere,902,personer,2026-06-01
capacity_workforce,ssb_kostra_001,sykehjem,3205,32,2025,ansatte_legger_og_sykepleiere,892,personer,2026-06-01
service_volume,fhi_kpr_001,kommunal_omsorg,3205,32,2025,mottar_tjeneste_per_dag,13524,personer,2026-06-05
capacity_workforce,ssb_kostra_001,sykehus,3301,33,2025,ansatte_legger_og_sykepleiere,1686,personer,2026-06-01
capacity_workforce,ssb_kostra_001,fastlege,3301,33,2025,ansatte_legger_og_sykepleiere,970,personer,2026-06-01
capacity_workforce,ssb_kostra_001,sykehjem,3301,33,2025,ansatte_legger_og_sykepleiere,951,personer,2026-06-01
service_volume,fhi_kpr_001,kommunal_omsorg,3301,33,2025,mottar_tjeneste_per_dag,14798,personer,2026-06-05
capacity_workforce,ssb_kostra_001,sykehus,3905,39,2025,ansatte_legger_og_sykepleiere,1646,personer,2026-06-01
capacity_workforce,ssb_kostra_001,fastlege,3905,39,2025,ansatte_legger_og_sykepleiere,794,personer,2026-06-01
capacity_workforce,ssb_kostra_001,sykehjem,3905,39,2025,ansatte_legger_og_sykepleiere,745,personer,2026-06-01
service_volume,fhi_kpr_001,kommunal_omsorg,3905,39,2025,mottar_tjeneste_per_dag,11858,personer,2026-06-05
capacity_workforce,ssb_kostra_001,sykehus,4003,40,2025,ansatte_legger_og_sykepleiere,1352,personer,2026-06-01
capacity_workforce,ssb_kostra_001,fastlege,4003,40,2025,ansatte_legger_og_sykepleiere,745,personer,2026-06-01
capacity_workforce,ssb_kostra_001,sykehjem,4003,40,2025,ansatte_legger_og_sykepleiere,715,personer,2026-06-01
service_volume,fhi_kpr_001,kommunal_omsorg,4003,40,2025,mottar_tjeneste_per_dag,10976,personer,2026-06-05
capacity_workforce,ssb_kostra_001,sykehus,4204,42,2025,ansatte_legger_og_sykepleiere,1852,personer,2026-06-01
capacity_workforce,ssb_kostra_001,fastlege,4204,42,2025,ansatte_legger_og_sykepleiere,1000,personer,2026-06-01
capacity_workforce,ssb_kostra_001,sykehjem,4204,42,2025,ansatte_legger_og_sykepleiere,960,personer,2026-06-01
service_volume,fhi_kpr_001,kommunal_omsorg,4204,42,2025,mottar_tjeneste_per_dag,15876,personer,2026-06-05
capacity_workforce,ssb_kostra_001,sykehus,4601,46,2025,ansatte_legger_og_sykepleiere,6272,personer,2026-06-01
capacity_workforce,ssb_kostra_001,fastlege,4601,46,2025,ansatte_legger_og_sykepleiere,1813,personer,2026-06-01
capacity_workforce,ssb_kostra_001,sykehjem,4601,46,2025,ansatte_legger_og_sykepleiere,1568,personer,2026-06-01
service_volume,fhi_kpr_001,kommunal_omsorg,4601,46,2025,mottar_tjeneste_per_dag,28812,personer,2026-06-05
capacity_workforce,ssb_kostra_001,sykehus,4626,46,2025,ansatte_legger_og_sykepleiere,784,personer,2026-06-01
capacity_workforce,ssb_kostra_001,fastlege,4626,46,2025,ansatte_legger_og_sykepleiere,627,personer,2026-06-01
capacity_workforce,ssb_kostra_001,sykehjem,4626,46,2025,ansatte_legger_og_sykepleiere,578,personer,2026-06-01
service_volume,fhi_kpr_001,kommunal_omsorg,4626,46,2025,mottar_tjeneste_per_dag,9604,personer,2026-06-05
capacity_workforce,ssb_kostra_001,sykehus,4627,46,2025,ansatte_legger_og_sykepleiere,608,personer,2026-06-01
capacity_workforce,ssb_kostra_001,fastlege,4627,46,2025,ansatte_legger_og_sykepleiere,510,personer,2026-06-01
capacity_workforce,ssb_kostra_001,sykehjem,4627,46,2025,ansatte_legger_og_sykepleiere,490,personer,2026-06-01
service_volume,fhi_kpr_001,kommunal_omsorg,4627,46,2025,mottar_tjeneste_per_dag,7448,personer,2026-06-05
capacity_workforce,ssb_kostra_001,sykehus,5001,50,2025,ansatte_legger_og_sykepleiere,4214,personer,2026-06-01
capacity_workforce,ssb_kostra_001,fastlege,5001,50,2025,ansatte_legger_og_sykepleiere,1529,personer,2026-06-01
capacity_workforce,ssb_kostra_001,sykehjem,5001,50,2025,ansatte_legger_og_sykepleiere,1529,personer,2026-06-01
service_volume,fhi_kpr_001,kommunal_omsorg,5001,50,2025,mottar_tjeneste_per_dag,18228,personer,2026-06-05
capacity_workforce,ssb_kostra_001,sykehus,5035,50,2025,ansatte_legger_og_sykepleiere,764,personer,2026-06-01
capacity_workforce,ssb_kostra_001,fastlege,5035,50,2025,ansatte_legger_og_sykepleiere,500,personer,2026-06-01
capacity_workforce,ssb_kostra_001,sykehjem,5035,50,2025,ansatte_legger_og_sykepleiere,461,personer,2026-06-01
service_volume,fhi_kpr_001,kommunal_omsorg,5035,50,2025,mottar_tjeneste_per_dag,6762,personer,2026-06-05
capacity_workforce,ssb_kostra_001,sykehus,5501,55,2025,ansatte_legger_og_sykepleiere,2009,personer,2026-06-01
capacity_workforce,ssb_kostra_001,fastlege,5501,55,2025,ansatte_legger_og_sykepleiere,853,personer,2026-06-01
capacity_workforce,ssb_kostra_001,sykehjem,5501,55,2025,ansatte_legger_og_sykepleiere,794,personer,2026-06-01
service_volume,fhi_kpr_001,kommunal_omsorg,5501,55,2025,mottar_tjeneste_per_dag,12936,personer,2026-06-05
capacity_workforce,ssb_kostra_001,sykehus,1149,11,2025,ansatte_legger_og_sykepleiere,1617,personer,2026-06-01
capacity_workforce,ssb_kostra_001,fastlege,1149,11,2025,ansatte_legger_og_sykepleiere,764,personer,2026-06-01
capacity_workforce,ssb_kostra_001,sykehjem,1149,11,2025,ansatte_legger_og_sykepleiere,706,personer,2026-06-01
service_volume,fhi_kpr_001,kommunal_omsorg,1149,11,2025,mottar_tjeneste_per_dag,11270,personer,2026-06-05
capacity_workforce,ssb_kostra_001,sykehus,1504,15,2025,ansatte_legger_og_sykepleiere,1813,personer,2026-06-01
capacity_workforce,ssb_kostra_001,fastlege,1504,15,2025,ansatte_legger_og_sykepleiere,804,personer,2026-06-01
capacity_workforce,ssb_kostra_001,sykehjem,1504,15,2025,ansatte_legger_og_sykepleiere,755,personer,2026-06-01
service_volume,fhi_kpr_001,kommunal_omsorg,1504,15,2025,mottar_tjeneste_per_dag,12936,personer,2026-06-05
capacity_workforce,ssb_kostra_001,sykehus,1816,18,2025,ansatte_legger_og_sykepleiere,1548,personer,2026-06-01
capacity_workforce,ssb_kostra_001,fastlege,1816,18,2025,ansatte_legger_og_sykepleiere,696,personer,2026-06-01
capacity_workforce,ssb_kostra_001,sykehjem,1816,18,2025,ansatte_legger_og_sykepleiere,657,personer,2026-06-01
service_volume,fhi_kpr_001,kommunal_omsorg,1816,18,2025,mottar_tjeneste_per_dag,10584,personer,2026-06-05
capacity_workforce,ssb_kostra_001,sykehus,2025,20,2025,ansatte_legger_og_sykepleiere,1392,personer,2026-06-01
capacity_workforce,ssb_kostra_001,fastlege,2025,20,2025,ansatte_legger_og_sykepleiere,794,personer,2026-06-01
capacity_workforce,ssb_kostra_001,sykehjem,2025,20,2025,ansatte_legger_og_sykepleiere,764,personer,2026-06-01
service_volume,fhi_kpr_001,kommunal_omsorg,2025,20,2025,mottar_tjeneste_per_dag,12152,personer,2026-06-05
capacity_workforce,ssb_kostra_001,sykehus,2027,20,2025,ansatte_legger_og_sykepleiere,1294,personer,2026-06-01
capacity_workforce,ssb_kostra_001,fastlege,2027,20,2025,ansatte_legger_og_sykepleiere,735,personer,2026-06-01
capacity_workforce,ssb_kostra_001,sykehjem,2027,20,2025,ansatte_legger_og_sykepleiere,686,personer,2026-06-01
service_volume,fhi_kpr_001,kommunal_omsorg,2027,20,2025,mottar_tjeneste_per_dag,10976,personer,2026-06-05
capacity_workforce,ssb_kostra_001,sykehus,2028,20,2025,ansatte_legger_og_sykepleiere,1078,personer,2026-06-01
capacity_workforce,ssb_kostra_001,fastlege,2028,20,2025,ansatte_legger_og_sykepleiere,666,personer,2026-06-01
capacity_workforce,ssb_kostra_001,sykehjem,2028,20,2025,ansatte_legger_og_sykepleiere,608,personer,2026-06-01
service_volume,fhi_kpr_001,kommunal_omsorg,2028,20,2025,mottar_tjeneste_per_dag,9604,personer,2026-06-05
capacity_workforce,ssb_kostra_001,sykehus,3603,36,2025,ansatte_legger_og_sykepleiere,872,personer,2026-06-01
capacity_workforce,ssb_kostra_001,fastlege,3603,36,2025,ansatte_legger_og_sykepleiere,608,personer,2026-06-01
capacity_workforce,ssb_kostra_001,sykehjem,3603,36,2025,ansatte_legger_og_sykepleiere,568,personer,2026-06-01
service_volume,fhi_kpr_001,kommunal_omsorg,3603,36,2025,mottar_tjeneste_per_dag,8722,personer,2026-06-05
capacity_workforce,ssb_kostra_001,sykehus,3706,31,2025,ansatte_legger_og_sykepleiere,1186,personer,2026-06-01
capacity_workforce,ssb_kostra_001,fastlege,3706,31,2025,ansatte_legger_og_sykepleiere,735,personer,2026-06-01
capacity_workforce,ssb_kostra_001,sykehjem,3706,31,2025,ansatte_legger_og_sykepleiere,696,personer,2026-06-01
service_volume,fhi_kpr_001,kommunal_omsorg,3706,31,2025,mottar_tjeneste_per_dag,10388,personer,2026-06-05
capacity_workforce,ssb_kostra_001,sykehus,4009,40,2025,ansatte_legger_og_sykepleiere,1029,personer,2026-06-01
capacity_workforce,ssb_kostra_001,fastlege,4009,40,2025,ansatte_legger_og_sykepleiere,676,personer,2026-06-01
capacity_workforce,ssb_kostra_001,sykehjem,4009,40,2025,ansatte_legger_og_sykepleiere,627,personer,2026-06-01
service_volume,fhi_kpr_001,kommunal_omsorg,4009,40,2025,mottar_tjeneste_per_dag,9310,personer,2026-06-05
capacity_workforce,ssb_kostra_001,sykehus,4201,42,2025,ansatte_legger_og_sykepleiere,1294,personer,2026-06-01
capacity_workforce,ssb_kostra_001,fastlege,4201,42,2025,ansatte_legger_og_sykepleiere,784,personer,2026-06-01
capacity_workforce,ssb_kostra_001,sykehjem,4201,42,2025,ansatte_legger_og_sykepleiere,735,personer,2026-06-01
service_volume,fhi_kpr_001,kommunal_omsorg,4201,42,2025,mottar_tjeneste_per_dag,11564,personer,2026-06-05
capacity_workforce,ssb_kostra_001,sykehus,4206,42,2025,ansatte_legger_og_sykepleiere,960,personer,2026-06-01
capacity_workforce,ssb_kostra_001,fastlege,4206,42,2025,ansatte_legger_og_sykepleiere,696,personer,2026-06-01
capacity_workforce,ssb_kostra_001,sykehjem,4206,42,2025,ansatte_legger_og_sykepleiere,657,personer,2026-06-01
service_volume,fhi_kpr_001,kommunal_omsorg,4206,42,2025,mottar_tjeneste_per_dag,8722,personer,2026-06-05
capacity_workforce,ssb_kostra_001,sykehus,5006,50,2025,ansatte_legger_og_sykepleiere,1127,personer,2026-06-01
capacity_workforce,ssb_kostra_001,fastlege,5006,50,2025,ansatte_legger_og_sykepleiere,706,personer,2026-06-01
capacity_workforce,ssb_kostra_001,sykehjem,5006,50,2025,ansatte_legger_og_sykepleiere,657,personer,2026-06-01
service_volume,fhi_kpr_001,kommunal_omsorg,5006,50,2025,mottar_tjeneste_per_dag,9996,personer,2026-06-05
capacity_workforce,ssb_kostra_001,sykehus,5007,50,2025,ansatte_legger_og_sykepleiere,1392,personer,2026-06-01
capacity_workforce,ssb_kostra_001,fastlege,5007,50,2025,ansatte_legger_og_sykepleiere,794,personer,2026-06-01
capacity_workforce,ssb_kostra_001,sykehjem,5007,50,2025,ansatte_legger_og_sykepleiere,745,personer,2026-06-01
service_volume,fhi_kpr_001,kommunal_omsorg,5007,50,2025,mottar_tjeneste_per_dag,11858,personer,2026-06-05
capacity_workforce,ssb_kostra_001,sykehus,5014,50,2025,ansatte_legger_og_sykepleiere,1225,personer,2026-06-01
capacity_workforce,ssb_kostra_001,fastlege,5014,50,2025,ansatte_legger_og_sykepleiere,735,personer,2026-06-01
capacity_workforce,ssb_kostra_001,sykehjem,5014,50,2025,ansatte_legger_og_sykepleiere,686,personer,2026-06-01
service_volume,fhi_kpr_001,kommunal_omsorg,5014,50,2025,mottar_tjeneste_per_dag,10584,personer,2026-06-05
capacity_workforce,ssb_kostra_001,sykehus,1226,12,2025,ansatte_legger_og_sykepleiere,1352,personer,2026-06-01
capacity_workforce,ssb_kostra_001,fastlege,1226,12,2025,ansatte_legger_og_sykepleiere,764,personer,2026-06-01
capacity_workforce,ssb_kostra_001,sykehjem,1226,12,2025,ansatte_legger_og_sykepleiere,715,personer,2026-06-01
service_volume,fhi_kpr_001,kommunal_omsorg,1226,12,2025,mottar_tjeneste_per_dag,11662,personer,2026-06-05
capacity_workforce,ssb_kostra_001,sykehus,0105,01,2025,ansatte_legger_og_sykepleiere,1127,personer,2026-06-01
capacity_workforce,ssb_kostra_001,fastlege,0105,01,2025,ansatte_legger_og_sykepleiere,696,personer,2026-06-01
capacity_workforce,ssb_kostra_001,sykehjem,0105,01,2025,ansatte_legger_og_sykepleiere,657,personer,2026-06-01
service_volume,fhi_kpr_001,kommunal_omsorg,0105,01,2025,mottar_tjeneste_per_dag,9996,personer,2026-06-05
capacity_workforce,ssb_kostra_001,sykehus,0106,01,2025,ansatte_legger_og_sykepleiere,960,personer,2026-06-01
capacity_workforce,ssb_kostra_001,fastlege,0106,01,2025,ansatte_legger_og_sykepleiere,637,personer,2026-06-01
capacity_workforce,ssb_kostra_001,sykehjem,0106,01,2025,ansatte_legger_og_sykepleiere,598,personer,2026-06-01
service_volume,fhi_kpr_001,kommunal_omsorg,0106,01,2025,mottar_tjeneste_per_dag,8722,personer,2026-06-05
capacity_workforce,ssb_kostra_001,sykehus,0209,02,2025,ansatte_legger_og_sykepleiere,1294,personer,2026-06-01
capacity_workforce,ssb_kostra_001,fastlege,0209,02,2025,ansatte_legger_og_sykepleiere,774,personer,2026-06-01
capacity_workforce,ssb_kostra_001,sykehjem,0209,02,2025,ansatte_legger_og_sykepleiere,725,personer,2026-06-01
service_volume,fhi_kpr_001,kommunal_omsorg,0209,02,2025,mottar_tjeneste_per_dag,11368,personer,2026-06-05
capacity_workforce,ssb_kostra_001,sykehus,0213,02,2025,ansatte_legger_og_sykepleiere,1029,personer,2026-06-01
capacity_workforce,ssb_kostra_001,fastlege,0213,02,2025,ansatte_legger_og_sykepleiere,666,personer,2026-06-01
capacity_workforce,ssb_kostra_001,sykehjem,0213,02,2025,ansatte_legger_og_sykepleiere,627,personer,2026-06-01
service_volume,fhi_kpr_001,kommunal_omsorg,0213,02,2025,mottar_tjeneste_per_dag,9114,personer,2026-06-05
capacity_workforce,ssb_kostra_001,sykehus,0604,06,2025,ansatte_legger_og_sykepleiere,1254,personer,2026-06-01
capacity_workforce,ssb_kostra_001,fastlege,0604,06,2025,ansatte_legger_og_sykepleiere,735,personer,2026-06-01
capacity_workforce,ssb_kostra_001,sykehjem,0604,06,2025,ansatte_legger_og_sykepleiere,696,personer,2026-06-01
service_volume,fhi_kpr_001,kommunal_omsorg,0604,06,2025,mottar_tjeneste_per_dag,10878,personer,2026-06-05
capacity_workforce,ssb_kostra_001,sykehus,0709,07,2025,ansatte_legger_og_sykepleiere,1450,personer,2026-06-01
capacity_workforce,ssb_kostra_001,fastlege,0709,07,2025,ansatte_legger_og_sykepleiere,804,personer,2026-06-01
capacity_workforce,ssb_kostra_001,sykehjem,0709,07,2025,ansatte_legger_og_sykepleiere,755,personer,2026-06-01
service_volume,fhi_kpr_001,kommunal_omsorg,0709,07,2025,mottar_tjeneste_per_dag,12544,personer,2026-06-05
capacity_workforce,ssb_kostra_001,sykehus,0710,07,2025,ansatte_legger_og_sykepleiere,1078,personer,2026-06-01
capacity_workforce,ssb_kostra_001,fastlege,0710,07,2025,ansatte_legger_og_sykepleiere,706,personer,2026-06-01
capacity_workforce,ssb_kostra_001,sykehjem,0710,07,2025,ansatte_legger_og_sykepleiere,657,personer,2026-06-01
service_volume,fhi_kpr_001,kommunal_omsorg,0710,07,2025,mottar_tjeneste_per_dag,9604,personer,2026-06-05
capacity_workforce,ssb_kostra_001,sykehus,0807,08,2025,ansatte_legger_og_sykepleiere,1176,personer,2026-06-01
capacity_workforce,ssb_kostra_001,fastlege,0807,08,2025,ansatte_legger_og_sykepleiere,725,personer,2026-06-01
capacity_workforce,ssb_kostra_001,sykehjem,0807,08,2025,ansatte_legger_og_sykepleiere,686,personer,2026-06-01
service_volume,fhi_kpr_001,kommunal_omsorg,0807,08,2025,mottar_tjeneste_per_dag,10192,personer,2026-06-05
capacity_workforce,ssb_kostra_001,sykehus,0809,08,2025,ansatte_legger_og_sykepleiere,931,personer,2026-06-01
capacity_workforce,ssb_kostra_001,fastlege,0809,08,2025,ansatte_legger_og_sykepleiere,647,personer,2026-06-01
capacity_workforce,ssb_kostra_001,sykehjem,0809,08,2025,ansatte_legger_og_sykepleiere,608,personer,2026-06-01
service_volume,fhi_kpr_001,kommunal_omsorg,0809,08,2025,mottar_tjeneste_per_dag,8526,personer,2026-06-05
capacity_workforce,ssb_kostra_001,sykehus,1235,12,2025,ansatte_legger_og_sykepleiere,1029,personer,2026-06-01
capacity_workforce,ssb_kostra_001,fastlege,1235,12,2025,ansatte_legger_og_sykepleiere,666,personer,2026-06-01
capacity_workforce,ssb_kostra_001,sykehjem,1235,12,2025,ansatte_legger_og_sykepleiere,627,personer,2026-06-01
service_volume,fhi_kpr_001,kommunal_omsorg,1235,12,2025,mottar_tjeneste_per_dag,9114,personer,2026-06-05
capacity_workforce,ssb_kostra_001,sykehus,1246,12,2025,ansatte_legger_og_sykepleiere,872,personer,2026-06-01
capacity_workforce,ssb_kostra_001,fastlege,1246,12,2025,ansatte_legger_og_sykepleiere,608,personer,2026-06-01
capacity_workforce,ssb_kostra_001,sykehjem,1246,12,2025,ansatte_legger_og_sykepleiere,568,personer,2026-06-01
service_volume,fhi_kpr_001,kommunal_omsorg,1246,12,2025,mottar_tjeneste_per_dag,8036,personer,2026-06-05
capacity_workforce,ssb_kostra_001,sykehus,1401,14,2025,ansatte_legger_og_sykepleiere,1156,personer,2026-06-01
capacity_workforce,ssb_kostra_001,fastlege,1401,14,2025,ansatte_legger_og_sykepleiere,735,personer,2026-06-01
capacity_workforce,ssb_kostra_001,sykehjem,1401,14,2025,ansatte_legger_og_sykepleiere,686,personer,2026-06-01
service_volume,fhi_kpr_001,kommunal_omsorg,1401,14,2025,mottar_tjeneste_per_dag,10094,personer,2026-06-05
capacity_workforce,ssb_kostra_001,sykehus,1411,14,2025,ansatte_legger_og_sykepleiere,1029,personer,2026-06-01
capacity_workforce,ssb_kostra_001,fastlege,1411,14,2025,ansatte_legger_og_sykepleiere,666,personer,2026-06-01
capacity_workforce,ssb_kostra_001,sykehjem,1411,14,2025,ansatte_legger_og_sykepleiere,627,personer,2026-06-01
service_volume,fhi_kpr_001,kommunal_omsorg,1411,14,2025,mottar_tjeneste_per_dag,9016,personer,2026-06-05
capacity_workforce,ssb_kostra_001,sykehus,1412,14,2025,ansatte_legger_og_sykepleiere,960,personer,2026-06-01
capacity_workforce,ssb_kostra_001,fastlege,1412,14,2025,ansatte_legger_og_sykepleiere,627,personer,2026-06-01
capacity_workforce,ssb_kostra_001,sykehjem,1412,14,2025,ansatte_legger_og_sykepleiere,588,personer,2026-06-01
service_volume,fhi_kpr_001,kommunal_omsorg,1412,14,2025,mottar_tjeneste_per_dag,8428,personer,2026-06-05
capacity_workforce,ssb_kostra_001,sykehus,1821,18,2025,ansatte_legger_og_sykepleiere,1323,personer,2026-06-01
capacity_workforce,ssb_kostra_001,fastlege,1821,18,2025,ansatte_legger_og_sykepleiere,784,personer,2026-06-01
capacity_workforce,ssb_kostra_001,sykehjem,1821,18,2025,ansatte_legger_og_sykepleiere,735,personer,2026-06-01
service_volume,fhi_kpr_001,kommunal_omsorg,1821,18,2025,mottar_tjeneste_per_dag,11466,personer,2026-06-05
capacity_workforce,ssb_kostra_001,sykehus,1826,18,2025,ansatte_legger_og_sykepleiere,1078,personer,2026-06-01
capacity_workforce,ssb_kostra_001,fastlege,1826,18,2025,ansatte_legger_og_sykepleiere,706,personer,2026-06-01
capacity_workforce,ssb_kostra_001,sykehjem,1826,18,2025,ansatte_legger_og_sykepleiere,657,personer,2026-06-01
service_volume,fhi_kpr_001,kommunal_omsorg,1826,18,2025,mottar_tjeneste_per_dag,9506,personer,2026-06-05
capacity_workforce,ssb_kostra_001,sykehus,1903,19,2025,ansatte_legger_og_sykepleiere,1392,personer,2026-06-01
capacity_workforce,ssb_kostra_001,fastlege,1903,19,2025,ansatte_legger_og_sykepleiere,794,personer,2026-06-01
capacity_workforce,ssb_kostra_001,sykehjem,1903,19,2025,ansatte_legger_og_sykepleiere,745,personer,2026-06-01
service_volume,fhi_kpr_001,kommunal_omsorg,1903,19,2025,mottar_tjeneste_per_dag,11956,personer,2026-06-05
capacity_workforce,ssb_kostra_001,sykehus,2004,20,2025,ansatte_legger_og_sykepleiere,1029,personer,2026-06-01
capacity_workforce,ssb_kostra_001,fastlege,2004,20,2025,ansatte_legger_og_sykepleiere,666,personer,2026-06-01
capacity_workforce,ssb_kostra_001,sykehjem,2004,20,2025,ansatte_legger_og_sykepleiere,627,personer,2026-06-01
service_volume,fhi_kpr_001,kommunal_omsorg,2004,20,2025,mottar_tjeneste_per_dag,9016,personer,2026-06-05
capacity_workforce,ssb_kostra_001,sykehus,0301,03,2024,ansatte_legger_og_sykepleiere,11750,personer,2026-06-01
capacity_workforce,ssb_kostra_001,fastlege,0301,03,2024,ansatte_legger_og_sykepleiere,2976,personer,2026-06-01
capacity_workforce,ssb_kostra_001,sykehjem,0301,03,2024,ansatte_legger_og_sykepleiere,2784,personer,2026-06-01
service_volume,fhi_kpr_001,kommunal_omsorg,0301,03,2024,mottar_tjeneste_per_dag,58752,personer,2026-06-05
capacity_workforce,ssb_kostra_001,sykehus,1103,11,2024,ansatte_legger_og_sykepleiere,4032,personer,2026-06-01
capacity_workforce,ssb_kostra_001,fastlege,1103,11,2024,ansatte_legger_og_sykepleiere,1459,personer,2026-06-01
capacity_workforce,ssb_kostra_001,sykehjem,1103,11,2024,ansatte_legger_og_sykepleiere,1421,personer,2026-06-01
service_volume,fhi_kpr_001,kommunal_omsorg,1103,11,2024,mottar_tjeneste_per_dag,18624,personer,2026-06-05
capacity_workforce,ssb_kostra_001,sykehus,1108,11,2024,ansatte_legger_og_sykepleiere,1056,personer,2026-06-01
capacity_workforce,ssb_kostra_001,fastlege,1108,11,2024,ansatte_legger_og_sykepleiere,883,personer,2026-06-01
capacity_workforce,ssb_kostra_001,sykehjem,1108,11,2024,ansatte_legger_og_sykepleiere,835,personer,2026-06-01
service_volume,fhi_kpr_001,kommunal_omsorg,1108,11,2024,mottar_tjeneste_per_dag,12096,personer,2026-06-05
capacity_workforce,ssb_kostra_001,sykehus,1505,15,2024,ansatte_legger_og_sykepleiere,1267,personer,2026-06-01
capacity_workforce,ssb_kostra_001,fastlege,1505,15,2024,ansatte_legger_og_sykepleiere,614,personer,2026-06-01
capacity_workforce,ssb_kostra_001,sykehjem,1505,15,2024,ansatte_legger_og_sykepleiere,595,personer,2026-06-01
service_volume,fhi_kpr_001,kommunal_omsorg,1505,15,2024,mottar_tjeneste_per_dag,9216,personer,2026-06-05
capacity_workforce,ssb_kostra_001,sykehus,1508,15,2024,ansatte_legger_og_sykepleiere,2381,personer,2026-06-01
capacity_workforce,ssb_kostra_001,fastlege,1508,15,2024,ansatte_legger_og_sykepleiere,883,personer,2026-06-01
capacity_workforce,ssb_kostra_001,sykehjem,1508,15,2024,ansatte_legger_og_sykepleiere,835,personer,2026-06-01
service_volume,fhi_kpr_001,kommunal_omsorg,1508,15,2024,mottar_tjeneste_per_dag,14496,personer,2026-06-05
capacity_workforce,ssb_kostra_001,sykehus,1804,18,2024,ansatte_legger_og_sykepleiere,1872,personer,2026-06-01
capacity_workforce,ssb_kostra_001,fastlege,1804,18,2024,ansatte_legger_og_sykepleiere,758,personer,2026-06-01
capacity_workforce,ssb_kostra_001,sykehjem,1804,18,2024,ansatte_legger_og_sykepleiere,710,personer,2026-06-01
service_volume,fhi_kpr_001,kommunal_omsorg,1804,18,2024,mottar_tjeneste_per_dag,11328,personer,2026-06-05
capacity_workforce,ssb_kostra_001,sykehus,3103,31,2024,ansatte_legger_og_sykepleiere,941,personer,2026-06-01
capacity_workforce,ssb_kostra_001,fastlege,3103,31,2024,ansatte_legger_og_sykepleiere,643,personer,2026-06-01
capacity_workforce,ssb_kostra_001,sykehjem,3103,31,2024,ansatte_legger_og_sykepleiere,614,personer,2026-06-01
service_volume,fhi_kpr_001,kommunal_omsorg,3103,31,2024,mottar_tjeneste_per_dag,9504,personer,2026-06-05
capacity_workforce,ssb_kostra_001,sykehus,3107,31,2024,ansatte_legger_og_sykepleiere,1363,personer,2026-06-01
capacity_workforce,ssb_kostra_001,fastlege,3107,31,2024,ansatte_legger_og_sykepleiere,787,personer,2026-06-01
capacity_workforce,ssb_kostra_001,sykehjem,3107,31,2024,ansatte_legger_og_sykepleiere,758,personer,2026-06-01
service_volume,fhi_kpr_001,kommunal_omsorg,3107,31,2024,mottar_tjeneste_per_dag,12384,personer,2026-06-05
capacity_workforce,ssb_kostra_001,sykehus,3201,32,2024,ansatte_legger_og_sykepleiere,1440,personer,2026-06-01
capacity_workforce,ssb_kostra_001,fastlege,3201,32,2024,ansatte_legger_og_sykepleiere,941,personer,2026-06-01
capacity_workforce,ssb_kostra_001,sykehjem,3201,32,2024,ansatte_legger_og_sykepleiere,902,personer,2026-06-01
service_volume,fhi_kpr_001,kommunal_omsorg,3201,32,2024,mottar_tjeneste_per_dag,13536,personer,2026-06-05
capacity_workforce,ssb_kostra_001,sykehus,3205,32,2024,ansatte_legger_og_sykepleiere,1392,personer,2026-06-01
capacity_workforce,ssb_kostra_001,fastlege,3205,32,2024,ansatte_legger_og_sykepleiere,883,personer,2026-06-01
capacity_workforce,ssb_kostra_001,sykehjem,3205,32,2024,ansatte_legger_og_sykepleiere,874,personer,2026-06-01
service_volume,fhi_kpr_001,kommunal_omsorg,3205,32,2024,mottar_tjeneste_per_dag,13248,personer,2026-06-05
capacity_workforce,ssb_kostra_001,sykehus,3301,33,2024,ansatte_legger_og_sykepleiere,1651,personer,2026-06-01
capacity_workforce,ssb_kostra_001,fastlege,3301,33,2024,ansatte_legger_og_sykepleiere,950,personer,2026-06-01
capacity_workforce,ssb_kostra_001,sykehjem,3301,33,2024,ansatte_legger_og_sykepleiere,931,personer,2026-06-01
service_volume,fhi_kpr_001,kommunal_omsorg,3301,33,2024,mottar_tjeneste_per_dag,14496,personer,2026-06-05
capacity_workforce,ssb_kostra_001,sykehus,3905,39,2024,ansatte_legger_og_sykepleiere,1613,personer,2026-06-01
capacity_workforce,ssb_kostra_001,fastlege,3905,39,2024,ansatte_legger_og_sykepleiere,778,personer,2026-06-01
capacity_workforce,ssb_kostra_001,sykehjem,3905,39,2024,ansatte_legger_og_sykepleiere,730,personer,2026-06-01
service_volume,fhi_kpr_001,kommunal_omsorg,3905,39,2024,mottar_tjeneste_per_dag,11616,personer,2026-06-05
capacity_workforce,ssb_kostra_001,sykehus,4003,40,2024,ansatte_legger_og_sykepleiere,1325,personer,2026-06-01
capacity_workforce,ssb_kostra_001,fastlege,4003,40,2024,ansatte_legger_og_sykepleiere,730,personer,2026-06-01
capacity_workforce,ssb_kostra_001,sykehjem,4003,40,2024,ansatte_legger_og_sykepleiere,701,personer,2026-06-01
service_volume,fhi_kpr_001,kommunal_omsorg,4003,40,2024,mottar_tjeneste_per_dag,10752,personer,2026-06-05
capacity_workforce,ssb_kostra_001,sykehus,4204,42,2024,ansatte_legger_og_sykepleiere,1814,personer,2026-06-01
capacity_workforce,ssb_kostra_001,fastlege,4204,42,2024,ansatte_legger_og_sykepleiere,979,personer,2026-06-01
capacity_workforce,ssb_kostra_001,sykehjem,4204,42,2024,ansatte_legger_og_sykepleiere,941,personer,2026-06-01
service_volume,fhi_kpr_001,kommunal_omsorg,4204,42,2024,mottar_tjeneste_per_dag,15552,personer,2026-06-05
capacity_workforce,ssb_kostra_001,sykehus,4601,46,2024,ansatte_legger_og_sykepleiere,6144,personer,2026-06-01
capacity_workforce,ssb_kostra_001,fastlege,4601,46,2024,ansatte_legger_og_sykepleiere,1776,personer,2026-06-01
capacity_workforce,ssb_kostra_001,sykehjem,4601,46,2024,ansatte_legger_og_sykepleiere,1536,personer,2026-06-01
service_volume,fhi_kpr_001,kommunal_omsorg,4601,46,2024,mottar_tjeneste_per_dag,28224,personer,2026-06-05
capacity_workforce,ssb_kostra_001,sykehus,4626,46,2024,ansatte_legger_og_sykepleiere,768,personer,2026-06-01
capacity_workforce,ssb_kostra_001,fastlege,4626,46,2024,ansatte_legger_og_sykepleiere,614,personer,2026-06-01
capacity_workforce,ssb_kostra_001,sykehjem,4626,46,2024,ansatte_legger_og_sykepleiere,566,personer,2026-06-01
service_volume,fhi_kpr_001,kommunal_omsorg,4626,46,2024,mottar_tjeneste_per_dag,9408,personer,2026-06-05
capacity_workforce,ssb_kostra_001,sykehus,4627,46,2024,ansatte_legger_og_sykepleiere,595,personer,2026-06-01
capacity_workforce,ssb_kostra_001,fastlege,4627,46,2024,ansatte_legger_og_sykepleiere,499,personer,2026-06-01
capacity_workforce,ssb_kostra_001,sykehjem,4627,46,2024,ansatte_legger_og_sykepleiere,480,personer,2026-06-01
service_volume,fhi_kpr_001,kommunal_omsorg,4627,46,2024,mottar_tjeneste_per_dag,7296,personer,2026-06-05
capacity_workforce,ssb_kostra_001,sykehus,5001,50,2024,ansatte_legger_og_sykepleiere,4128,personer,2026-06-01
capacity_workforce,ssb_kostra_001,fastlege,5001,50,2024,ansatte_legger_og_sykepleiere,1498,personer,2026-06-01
capacity_workforce,ssb_kostra_001,sykehjem,5001,50,2024,ansatte_legger_og_sykepleiere,1498,personer,2026-06-01
service_volume,fhi_kpr_001,kommunal_omsorg,5001,50,2024,mottar_tjeneste_per_dag,17856,personer,2026-06-05
capacity_workforce,ssb_kostra_001,sykehus,5035,50,2024,ansatte_legger_og_sykepleiere,749,personer,2026-06-01
capacity_workforce,ssb_kostra_001,fastlege,5035,50,2024,ansatte_legger_og_sykepleiere,490,personer,2026-06-01
capacity_workforce,ssb_kostra_001,sykehjem,5035,50,2024,ansatte_legger_og_sykepleiere,451,personer,2026-06-01
service_volume,fhi_kpr_001,kommunal_omsorg,5035,50,2024,mottar_tjeneste_per_dag,6624,personer,2026-06-05
capacity_workforce,ssb_kostra_001,sykehus,5501,55,2024,ansatte_legger_og_sykepleiere,1968,personer,2026-06-01
capacity_workforce,ssb_kostra_001,fastlege,5501,55,2024,ansatte_legger_og_sykepleiere,835,personer,2026-06-01
capacity_workforce,ssb_kostra_001,sykehjem,5501,55,2024,ansatte_legger_og_sykepleiere,778,personer,2026-06-01
service_volume,fhi_kpr_001,kommunal_omsorg,5501,55,2024,mottar_tjeneste_per_dag,12672,personer,2026-06-05
capacity_workforce,ssb_kostra_001,sykehus,1149,11,2024,ansatte_legger_og_sykepleiere,1584,personer,2026-06-01
capacity_workforce,ssb_kostra_001,fastlege,1149,11,2024,ansatte_legger_og_sykepleiere,749,personer,2026-06-01
capacity_workforce,ssb_kostra_001,sykehjem,1149,11,2024,ansatte_legger_og_sykepleiere,691,personer,2026-06-01
service_volume,fhi_kpr_001,kommunal_omsorg,1149,11,2024,mottar_tjeneste_per_dag,11040,personer,2026-06-05
capacity_workforce,ssb_kostra_001,sykehus,1504,15,2024,ansatte_legger_og_sykepleiere,1776,personer,2026-06-01
capacity_workforce,ssb_kostra_001,fastlege,1504,15,2024,ansatte_legger_og_sykepleiere,787,personer,2026-06-01
capacity_workforce,ssb_kostra_001,sykehjem,1504,15,2024,ansatte_legger_og_sykepleiere,739,personer,2026-06-01
service_volume,fhi_kpr_001,kommunal_omsorg,1504,15,2024,mottar_tjeneste_per_dag,12672,personer,2026-06-05
capacity_workforce,ssb_kostra_001,sykehus,1816,18,2024,ansatte_legger_og_sykepleiere,1517,personer,2026-06-01
capacity_workforce,ssb_kostra_001,fastlege,1816,18,2024,ansatte_legger_og_sykepleiere,682,personer,2026-06-01
capacity_workforce,ssb_kostra_001,sykehjem,1816,18,2024,ansatte_legger_og_sykepleiere,643,personer,2026-06-01
service_volume,fhi_kpr_001,kommunal_omsorg,1816,18,2024,mottar_tjeneste_per_dag,10368,personer,2026-06-05
capacity_workforce,ssb_kostra_001,sykehus,2025,20,2024,ansatte_legger_og_sykepleiere,1363,personer,2026-06-01
capacity_workforce,ssb_kostra_001,fastlege,2025,20,2024,ansatte_legger_og_sykepleiere,778,personer,2026-06-01
capacity_workforce,ssb_kostra_001,sykehjem,2025,20,2024,ansatte_legger_og_sykepleiere,749,personer,2026-06-01
service_volume,fhi_kpr_001,kommunal_omsorg,2025,20,2024,mottar_tjeneste_per_dag,11904,personer,2026-06-05
capacity_workforce,ssb_kostra_001,sykehus,2027,20,2024,ansatte_legger_og_sykepleiere,1267,personer,2026-06-01
capacity_workforce,ssb_kostra_001,fastlege,2027,20,2024,ansatte_legger_og_sykepleiere,720,personer,2026-06-01
capacity_workforce,ssb_kostra_001,sykehjem,2027,20,2024,ansatte_legger_og_sykepleiere,672,personer,2026-06-01
service_volume,fhi_kpr_001,kommunal_omsorg,2027,20,2024,mottar_tjeneste_per_dag,10752,personer,2026-06-05
capacity_workforce,ssb_kostra_001,sykehus,2028,20,2024,ansatte_legger_og_sykepleiere,1056,personer,2026-06-01
capacity_workforce,ssb_kostra_001,fastlege,2028,20,2024,ansatte_legger_og_sykepleiere,653,personer,2026-06-01
capacity_workforce,ssb_kostra_001,sykehjem,2028,20,2024,ansatte_legger_og_sykepleiere,595,personer,2026-06-01
service_volume,fhi_kpr_001,kommunal_omsorg,2028,20,2024,mottar_tjeneste_per_dag,9408,personer,2026-06-05
capacity_workforce,ssb_kostra_001,sykehus,3603,36,2024,ansatte_legger_og_sykepleiere,854,personer,2026-06-01
capacity_workforce,ssb_kostra_001,fastlege,3603,36,2024,ansatte_legger_og_sykepleiere,595,personer,2026-06-01
capacity_workforce,ssb_kostra_001,sykehjem,3603,36,2024,ansatte_legger_og_sykepleiere,557,personer,2026-06-01
service_volume,fhi_kpr_001,kommunal_omsorg,3603,36,2024,mottar_tjeneste_per_dag,8544,personer,2026-06-05
capacity_workforce,ssb_kostra_001,sykehus,3706,31,2024,ansatte_legger_og_sykepleiere,1162,personer,2026-06-01
capacity_workforce,ssb_kostra_001,fastlege,3706,31,2024,ansatte_legger_og_sykepleiere,720,personer,2026-06-01
capacity_workforce,ssb_kostra_001,sykehjem,3706,31,2024,ansatte_legger_og_sykepleiere,682,personer,2026-06-01
service_volume,fhi_kpr_001,kommunal_omsorg,3706,31,2024,mottar_tjeneste_per_dag,10176,personer,2026-06-05
capacity_workforce,ssb_kostra_001,sykehus,4009,40,2024,ansatte_legger_og_sykepleiere,1008,personer,2026-06-01
capacity_workforce,ssb_kostra_001,fastlege,4009,40,2024,ansatte_legger_og_sykepleiere,662,personer,2026-06-01
capacity_workforce,ssb_kostra_001,sykehjem,4009,40,2024,ansatte_legger_og_sykepleiere,614,personer,2026-06-01
service_volume,fhi_kpr_001,kommunal_omsorg,4009,40,2024,mottar_tjeneste_per_dag,9120,personer,2026-06-05
capacity_workforce,ssb_kostra_001,sykehus,4201,42,2024,ansatte_legger_og_sykepleiere,1267,personer,2026-06-01
capacity_workforce,ssb_kostra_001,fastlege,4201,42,2024,ansatte_legger_og_sykepleiere,768,personer,2026-06-01
capacity_workforce,ssb_kostra_001,sykehjem,4201,42,2024,ansatte_legger_og_sykepleiere,720,personer,2026-06-01
service_volume,fhi_kpr_001,kommunal_omsorg,4201,42,2024,mottar_tjeneste_per_dag,11328,personer,2026-06-05
capacity_workforce,ssb_kostra_001,sykehus,4206,42,2024,ansatte_legger_og_sykepleiere,941,personer,2026-06-01
capacity_workforce,ssb_kostra_001,fastlege,4206,42,2024,ansatte_legger_og_sykepleiere,682,personer,2026-06-01
capacity_workforce,ssb_kostra_001,sykehjem,4206,42,2024,ansatte_legger_og_sykepleiere,643,personer,2026-06-01
service_volume,fhi_kpr_001,kommunal_omsorg,4206,42,2024,mottar_tjeneste_per_dag,8544,personer,2026-06-05
capacity_workforce,ssb_kostra_001,sykehus,5006,50,2024,ansatte_legger_og_sykepleiere,1104,personer,2026-06-01
capacity_workforce,ssb_kostra_001,fastlege,5006,50,2024,ansatte_legger_og_sykepleiere,691,personer,2026-06-01
capacity_workforce,ssb_kostra_001,sykehjem,5006,50,2024,ansatte_legger_og_sykepleiere,643,personer,2026-06-01
service_volume,fhi_kpr_001,kommunal_omsorg,5006,50,2024,mottar_tjeneste_per_dag,9792,personer,2026-06-05
capacity_workforce,ssb_kostra_001,sykehus,5007,50,2024,ansatte_legger_og_sykepleiere,1363,personer,2026-06-01
capacity_workforce,ssb_kostra_001,fastlege,5007,50,2024,ansatte_legger_og_sykepleiere,778,personer,2026-06-01
capacity_workforce,ssb_kostra_001,sykehjem,5007,50,2024,ansatte_legger_og_sykepleiere,730,personer,2026-06-01
service_volume,fhi_kpr_001,kommunal_omsorg,5007,50,2024,mottar_tjeneste_per_dag,11616,personer,2026-06-05
capacity_workforce,ssb_kostra_001,sykehus,5014,50,2024,ansatte_legger_og_sykepleiere,1200,personer,2026-06-01
capacity_workforce,ssb_kostra_001,fastlege,5014,50,2024,ansatte_legger_og_sykepleiere,720,personer,2026-06-01
capacity_workforce,ssb_kostra_001,sykehjem,5014,50,2024,ansatte_legger_og_sykepleiere,672,personer,2026-06-01
service_volume,fhi_kpr_001,kommunal_omsorg,5014,50,2024,mottar_tjeneste_per_dag,10368,personer,2026-06-05
capacity_workforce,ssb_kostra_001,sykehus,1226,12,2024,ansatte_legger_og_sykepleiere,1325,personer,2026-06-01
capacity_workforce,ssb_kostra_001,fastlege,1226,12,2024,ansatte_legger_og_sykepleiere,749,personer,2026-06-01
capacity_workforce,ssb_kostra_001,sykehjem,1226,12,2024,ansatte_legger_og_sykepleiere,701,personer,2026-06-01
service_volume,fhi_kpr_001,kommunal_omsorg,1226,12,2024,mottar_tjeneste_per_dag,11424,personer,2026-06-05
capacity_workforce,ssb_kostra_001,sykehus,0105,01,2024,ansatte_legger_og_sykepleiere,1104,personer,2026-06-01
capacity_workforce,ssb_kostra_001,fastlege,0105,01,2024,ansatte_legger_og_sykepleiere,682,personer,2026-06-01
capacity_workforce,ssb_kostra_001,sykehjem,0105,01,2024,ansatte_legger_og_sykepleiere,643,personer,2026-06-01
service_volume,fhi_kpr_001,kommunal_omsorg,0105,01,2024,mottar_tjeneste_per_dag,9792,personer,2026-06-05
capacity_workforce,ssb_kostra_001,sykehus,0106,01,2024,ansatte_legger_og_sykepleiere,941,personer,2026-06-01
capacity_workforce,ssb_kostra_001,fastlege,0106,01,2024,ansatte_legger_og_sykepleiere,624,personer,2026-06-01
capacity_workforce,ssb_kostra_001,sykehjem,0106,01,2024,ansatte_legger_og_sykepleiere,586,personer,2026-06-01
service_volume,fhi_kpr_001,kommunal_omsorg,0106,01,2024,mottar_tjeneste_per_dag,8544,personer,2026-06-05
capacity_workforce,ssb_kostra_001,sykehus,0209,02,2024,ansatte_legger_og_sykepleiere,1267,personer,2026-06-01
capacity_workforce,ssb_kostra_001,fastlege,0209,02,2024,ansatte_legger_og_sykepleiere,758,personer,2026-06-01
capacity_workforce,ssb_kostra_001,sykehjem,0209,02,2024,ansatte_legger_og_sykepleiere,710,personer,2026-06-01
service_volume,fhi_kpr_001,kommunal_omsorg,0209,02,2024,mottar_tjeneste_per_dag,11136,personer,2026-06-05
capacity_workforce,ssb_kostra_001,sykehus,0213,02,2024,ansatte_legger_og_sykepleiere,1008,personer,2026-06-01
capacity_workforce,ssb_kostra_001,fastlege,0213,02,2024,ansatte_legger_og_sykepleiere,653,personer,2026-06-01
capacity_workforce,ssb_kostra_001,sykehjem,0213,02,2024,ansatte_legger_og_sykepleiere,614,personer,2026-06-01
service_volume,fhi_kpr_001,kommunal_omsorg,0213,02,2024,mottar_tjeneste_per_dag,8928,personer,2026-06-05
capacity_workforce,ssb_kostra_001,sykehus,0604,06,2024,ansatte_legger_og_sykepleiere,1229,personer,2026-06-01
capacity_workforce,ssb_kostra_001,fastlege,0604,06,2024,ansatte_legger_og_sykepleiere,720,personer,2026-06-01
capacity_workforce,ssb_kostra_001,sykehjem,0604,06,2024,ansatte_legger_og_sykepleiere,682,personer,2026-06-01
service_volume,fhi_kpr_001,kommunal_omsorg,0604,06,2024,mottar_tjeneste_per_dag,10656,personer,2026-06-05
capacity_workforce,ssb_kostra_001,sykehus,0709,07,2024,ansatte_legger_og_sykepleiere,1421,personer,2026-06-01
capacity_workforce,ssb_kostra_001,fastlege,0709,07,2024,ansatte_legger_og_sykepleiere,787,personer,2026-06-01
capacity_workforce,ssb_kostra_001,sykehjem,0709,07,2024,ansatte_legger_og_sykepleiere,739,personer,2026-06-01
service_volume,fhi_kpr_001,kommunal_omsorg,0709,07,2024,mottar_tjeneste_per_dag,12288,personer,2026-06-05
capacity_workforce,ssb_kostra_001,sykehus,0710,07,2024,ansatte_legger_og_sykepleiere,1056,personer,2026-06-01
capacity_workforce,ssb_kostra_001,fastlege,0710,07,2024,ansatte_legger_og_sykepleiere,691,personer,2026-06-01
capacity_workforce,ssb_kostra_001,sykehjem,0710,07,2024,ansatte_legger_og_sykepleiere,643,personer,2026-06-01
service_volume,fhi_kpr_001,kommunal_omsorg,0710,07,2024,mottar_tjeneste_per_dag,9408,personer,2026-06-05
capacity_workforce,ssb_kostra_001,sykehus,0807,08,2024,ansatte_legger_og_sykepleiere,1152,personer,2026-06-01
capacity_workforce,ssb_kostra_001,fastlege,0807,08,2024,ansatte_legger_og_sykepleiere,710,personer,2026-06-01
capacity_workforce,ssb_kostra_001,sykehjem,0807,08,2024,ansatte_legger_og_sykepleiere,672,personer,2026-06-01
service_volume,fhi_kpr_001,kommunal_omsorg,0807,08,2024,mottar_tjeneste_per_dag,9984,personer,2026-06-05
capacity_workforce,ssb_kostra_001,sykehus,0809,08,2024,ansatte_legger_og_sykepleiere,912,personer,2026-06-01
capacity_workforce,ssb_kostra_001,fastlege,0809,08,2024,ansatte_legger_og_sykepleiere,634,personer,2026-06-01
capacity_workforce,ssb_kostra_001,sykehjem,0809,08,2024,ansatte_legger_og_sykepleiere,595,personer,2026-06-01
service_volume,fhi_kpr_001,kommunal_omsorg,0809,08,2024,mottar_tjeneste_per_dag,8352,personer,2026-06-05
capacity_workforce,ssb_kostra_001,sykehus,1235,12,2024,ansatte_legger_og_sykepleiere,1008,personer,2026-06-01
capacity_workforce,ssb_kostra_001,fastlege,1235,12,2024,ansatte_legger_og_sykepleiere,653,personer,2026-06-01
capacity_workforce,ssb_kostra_001,sykehjem,1235,12,2024,ansatte_legger_og_sykepleiere,614,personer,2026-06-01
service_volume,fhi_kpr_001,kommunal_omsorg,1235,12,2024,mottar_tjeneste_per_dag,8928,personer,2026-06-05
capacity_workforce,ssb_kostra_001,sykehus,1246,12,2024,ansatte_legger_og_sykepleiere,854,personer,2026-06-01
capacity_workforce,ssb_kostra_001,fastlege,1246,12,2024,ansatte_legger_og_sykepleiere,595,personer,2026-06-01
capacity_workforce,ssb_kostra_001,sykehjem,1246,12,2024,ansatte_legger_og_sykepleiere,557,personer,2026-06-01
service_volume,fhi_kpr_001,kommunal_omsorg,1246,12,2024,mottar_tjeneste_per_dag,7872,personer,2026-06-05
capacity_workforce,ssb_kostra_001,sykehus,1401,14,2024,ansatte_legger_og_sykepleiere,1133,personer,2026-06-01
capacity_workforce,ssb_kostra_001,fastlege,1401,14,2024,ansatte_legger_og_sykepleiere,720,personer,2026-06-01
capacity_workforce,ssb_kostra_001,sykehjem,1401,14,2024,ansatte_legger_og_sykepleiere,672,personer,2026-06-01
service_volume,fhi_kpr_001,kommunal_omsorg,1401,14,2024,mottar_tjeneste_per_dag,9888,personer,2026-06-05
capacity_workforce,ssb_kostra_001,sykehus,1411,14,2024,ansatte_legger_og_sykepleiere,1008,personer,2026-06-01
capacity_workforce,ssb_kostra_001,fastlege,1411,14,2024,ansatte_legger_og_sykepleiere,653,personer,2026-06-01
capacity_workforce,ssb_kostra_001,sykehjem,1411,14,2024,ansatte_legger_og_sykepleiere,614,personer,2026-06-01
service_volume,fhi_kpr_001,kommunal_omsorg,1411,14,2024,mottar_tjeneste_per_dag,8832,personer,2026-06-05
capacity_workforce,ssb_kostra_001,sykehus,1412,14,2024,ansatte_legger_og_sykepleiere,941,personer,2026-06-01
capacity_workforce,ssb_kostra_001,fastlege,1412,14,2024,ansatte_legger_og_sykepleiere,614,personer,2026-06-01
capacity_workforce,ssb_kostra_001,sykehjem,1412,14,2024,ansatte_legger_og_sykepleiere,576,personer,2026-06-01
service_volume,fhi_kpr_001,kommunal_omsorg,1412,14,2024,mottar_tjeneste_per_dag,8256,personer,2026-06-05
capacity_workforce,ssb_kostra_001,sykehus,1821,18,2024,ansatte_legger_og_sykepleiere,1296,personer,2026-06-01
capacity_workforce,ssb_kostra_001,fastlege,1821,18,2024,ansatte_legger_og_sykepleiere,768,personer,2026-06-01
capacity_workforce,ssb_kostra_001,sykehjem,1821,18,2024,ansatte_legger_og_sykepleiere,720,personer,2026-06-01
service_volume,fhi_kpr_001,kommunal_omsorg,1821,18,2024,mottar_tjeneste_per_dag,11232,personer,2026-06-05
capacity_workforce,ssb_kostra_001,sykehus,1826,18,2024,ansatte_legger_og_sykepleiere,1056,personer,2026-06-01
capacity_workforce,ssb_kostra_001,fastlege,1826,18,2024,ansatte_legger_og_sykepleiere,691,personer,2026-06-01
capacity_workforce,ssb_kostra_001,sykehjem,1826,18,2024,ansatte_legger_og_sykepleiere,643,personer,2026-06-01
service_volume,fhi_kpr_001,kommunal_omsorg,1826,18,2024,mottar_tjeneste_per_dag,9312,personer,2026-06-05
capacity_workforce,ssb_kostra_001,sykehus,1903,19,2024,ansatte_legger_og_sykepleiere,1363,personer,2026-06-01
capacity_workforce,ssb_kostra_001,fastlege,1903,19,2024,ansatte_legger_og_sykepleiere,778,personer,2026-06-01
capacity_workforce,ssb_kostra_001,sykehjem,1903,19,2024,ansatte_legger_og_sykepleiere,730,personer,2026-06-01
service_volume,fhi_kpr_001,kommunal_omsorg,1903,19,2024,mottar_tjeneste_per_dag,11712,personer,2026-06-05
capacity_workforce,ssb_kostra_001,sykehus,2004,20,2024,ansatte_legger_og_sykepleiere,1008,personer,2026-06-01
capacity_workforce,ssb_kostra_001,fastlege,2004,20,2024,ansatte_legger_og_sykepleiere,653,personer,2026-06-01
capacity_workforce,ssb_kostra_001,sykehjem,2004,20,2024,ansatte_legger_og_sykepleiere,614,personer,2026-06-01
service_volume,fhi_kpr_001,kommunal_omsorg,2004,20,2024,mottar_tjeneste_per_dag,8832,personer,2026-06-05
